-- phpMyAdmin SQL Dump
-- version 5.2.1
-- https://www.phpmyadmin.net/
--
-- Host: 127.0.0.1
-- Generation Time: Feb 25, 2024 at 03:01 PM
-- Server version: 10.4.32-MariaDB
-- PHP Version: 8.2.12

SET SQL_MODE = "NO_AUTO_VALUE_ON_ZERO";
START TRANSACTION;
SET time_zone = "+00:00";


/*!40101 SET @OLD_CHARACTER_SET_CLIENT=@@CHARACTER_SET_CLIENT */;
/*!40101 SET @OLD_CHARACTER_SET_RESULTS=@@CHARACTER_SET_RESULTS */;
/*!40101 SET @OLD_COLLATION_CONNECTION=@@COLLATION_CONNECTION */;
/*!40101 SET NAMES utf8mb4 */;

--
-- Database: `imperial_college`
--

-- --------------------------------------------------------

--
-- Table structure for table `answer`
--

CREATE TABLE `answer` (
  `qid` text NOT NULL,
  `ansid` text NOT NULL
) ENGINE=InnoDB DEFAULT CHARSET=utf8 COLLATE=utf8_general_ci;

--
-- Dumping data for table `answer`
--

INSERT INTO `answer` (`qid`, `ansid`) VALUES
('55892169bf6a7', '55892169d2efc'),
('5589216a3646e', '5589216a48722'),
('558922117fcef', '5589221195248'),
('55892211e44d5', '55892211f1fa7'),
('558922894c453', '558922895ea0a'),
('558922899ccaa', '55892289aa7cf'),
('558923538f48d', '558923539a46c'),
('55892353f05c4', '55892354051be'),
('558973f4389ac', '558973f462e61'),
('558973f4c46f2', '558973f4d4abe'),
('558973f51600d', '558973f526fc5'),
('558973f55d269', '558973f57af07'),
('558973f5abb1a', '558973f5e764a'),
('5589751a63091', '5589751a81bf4'),
('5589751ad32b8', '5589751adbdbd'),
('5589751b304ef', '5589751b3b04d'),
('5589751b749c9', '5589751b9a98c');

-- --------------------------------------------------------

--
-- Table structure for table `class_result`
--

CREATE TABLE `class_result` (
  `class_result_id` int(11) NOT NULL,
  `roll_no` varchar(30) NOT NULL,
  `course_code` varchar(30) NOT NULL,
  `subject_code` varchar(10) NOT NULL,
  `semester` varchar(11) NOT NULL,
  `total_marks` varchar(11) NOT NULL,
  `obtain_marks` varchar(11) NOT NULL,
  `result_date` varchar(10) NOT NULL
) ENGINE=InnoDB DEFAULT CHARSET=latin1 COLLATE=latin1_swedish_ci;


-- --------------------------------------------------------

--
-- Table structure for table `courses`
--

CREATE TABLE `courses` (
  `course_code` varchar(10) NOT NULL,
  `course_name` varchar(50) NOT NULL,
  `semester_or_year` varchar(10) NOT NULL,
  `no_of_year` int(10) NOT NULL
) ENGINE=InnoDB DEFAULT CHARSET=latin1 COLLATE=latin1_swedish_ci;

--
-- Dumping data for table `courses`
--

INSERT INTO `courses` (`course_code`, `course_name`, `semester_or_year`, `no_of_year`) VALUES
('CE-01', 'Computer Engineering', '8', 4),
('IT-02', 'Information Technology', '8', 4);

-- --------------------------------------------------------

--
-- Table structure for table `course_subjects`
--

CREATE TABLE `course_subjects` (
  `subject_code` varchar(10) NOT NULL,
  `subject_name` varchar(50) NOT NULL,
  `course_code` varchar(10) NOT NULL,
  `semester` int(10) NOT NULL,
  `credit_hours` int(5) NOT NULL
) ENGINE=InnoDB DEFAULT CHARSET=latin1 COLLATE=latin1_swedish_ci;

--
-- Dumping data for table `course_subjects`
--

INSERT INTO `course_subjects` (`subject_code`, `subject_name`, `course_code`, `semester`, `credit_hours`) VALUES
('CE-401', 'Discrete Mathematics', 'CE-01', 4, 4),
('CE-402', 'Design & analysis of algorithms', 'CE-01', 4, 5),
('CE-403', 'Computer system architecture', 'CE-01', 4, 5),
('CE-404', 'Java Technologies', 'CE-01', 4, 5),
('IT-401', 'Discrete Mathematics', 'IT-02', 4, 4),
('IT-402', 'Design & analysis of algorithms', 'IT-02', 4, 5);

-- --------------------------------------------------------

--
-- Table structure for table `history`
--

CREATE TABLE `history` (
  `email` varchar(50) NOT NULL,
  `score` int(11) DEFAULT NULL,
  `level` int(11) DEFAULT NULL,
  `sahi` int(11) DEFAULT NULL,
  `wrong` int(11) DEFAULT NULL,
  `date` timestamp NOT NULL DEFAULT current_timestamp() ON UPDATE current_timestamp()
) ENGINE=InnoDB DEFAULT CHARSET=utf8 COLLATE=utf8_general_ci;

-- --------------------------------------------------------

--
-- Table structure for table `login`
--

CREATE TABLE `login` (
  `ID` int(11) NOT NULL,
  `user_id` varchar(30) NOT NULL,
  `Password` varchar(30) NOT NULL,
  `Role` varchar(10) NOT NULL,
  `account` varchar(20) NOT NULL
) ENGINE=InnoDB DEFAULT CHARSET=latin1 COLLATE=latin1_swedish_ci;

--
-- Dumping data for table `login`
--

INSERT INTO `login` (`ID`, `user_id`, `Password`, `Role`, `account`) VALUES
(2, 'admin@gmail.com', 'admin123*', 'Admin', ''),
(5, 'staff1@gmail.com', 'teacher123*', 'Teacher', ''),
(6, 'sameer@gmail.com', 'teacher123*', 'Teacher', 'Activate'),
(7, 'sara@gmail.com', 'teacher123*', 'Teacher', 'Activate'),
(9, '1', 'student123*', 'Student', 'Activate'),
(10, '2', 'student123*', 'Student', 'Activate'),
(11, '7', 'student123*', 'Student', 'Activate'),
(12, '3', 'student123*', 'Student', 'Activate'),
(13, '10', 'student123*', 'Student', '');

-- --------------------------------------------------------

--
-- Table structure for table `mytable`
--

CREATE TABLE `mytable` (
  `id` varchar(20) NOT NULL,
  `name` varchar(30) NOT NULL,
  `course_code` varchar(10) NOT NULL
) ENGINE=InnoDB DEFAULT CHARSET=latin1 COLLATE=latin1_swedish_ci;

--
-- Dumping data for table `mytable`
--

INSERT INTO `mytable` (`id`, `name`, `course_code`) VALUES
('B.Fashion-S19-1', 'husnain', 'B.Fashion'),
('B.Fashion-S19-2', 'razarai663@gmail.com', 'B.Fashion'),
('MCS-S19-1', 'Muhammad Husnain Raza', 'MCS'),
('MCS-S19-2', 'razarai663@gmail.com', 'MCS'),
('MIT-S19-1', 'Muhammad Husnain Raza', 'MIT');

-- --------------------------------------------------------

--
-- Table structure for table `options`
--

CREATE TABLE `options` (
  `qid` varchar(50) NOT NULL,
  `option` varchar(5000) NOT NULL,
  `optionid` text NOT NULL
) ENGINE=InnoDB DEFAULT CHARSET=utf8 COLLATE=utf8_general_ci;

--
-- Dumping data for table `options`
--

INSERT INTO `options` (`qid`, `option`, `optionid`) VALUES
('55892169bf6a7', 'usermod', '55892169d2efc'),
('55892169bf6a7', 'useradd', '55892169d2f05'),
('55892169bf6a7', 'useralter', '55892169d2f09'),
('55892169bf6a7', 'groupmod', '55892169d2f0c'),
('5589216a3646e', '751', '5589216a48713'),
('5589216a3646e', '752', '5589216a4871a'),
('5589216a3646e', '754', '5589216a4871f'),
('5589216a3646e', '755', '5589216a48722'),
('558922117fcef', 'echo', '5589221195248'),
('558922117fcef', 'print', '558922119525a'),
('558922117fcef', 'printf', '5589221195265'),
('558922117fcef', 'cout', '5589221195270'),
('55892211e44d5', 'int a', '55892211f1f97'),
('55892211e44d5', '$a', '55892211f1fa7'),
('55892211e44d5', 'long int a', '55892211f1fb4'),
('55892211e44d5', 'int a$', '55892211f1fbd'),
('558922894c453', 'cin>>a;', '558922895ea0a'),
('558922894c453', 'cin<<a;', '558922895ea26'),
('558922894c453', 'cout>>a;', '558922895ea34'),
('558922894c453', 'cout<a;', '558922895ea41'),
('558922899ccaa', 'cout', '55892289aa7cf'),
('558922899ccaa', 'cin', '55892289aa7df'),
('558922899ccaa', 'print', '55892289aa7eb'),
('558922899ccaa', 'printf', '55892289aa7f5'),
('558923538f48d', '255.0.0.0', '558923539a46c'),
('558923538f48d', '255.255.255.0', '558923539a480'),
('558923538f48d', '255.255.0.0', '558923539a48b'),
('558923538f48d', 'none of these', '558923539a495'),
('55892353f05c4', '192.168.1.100', '5589235405192'),
('55892353f05c4', '172.168.16.2', '55892354051a3'),
('55892353f05c4', '10.0.0.0.1', '55892354051b4'),
('55892353f05c4', '11.11.11.11', '55892354051be'),
('558973f4389ac', 'containing root file-system required during bootup', '558973f462e44'),
('558973f4389ac', ' Contains only scripts to be executed during bootup', '558973f462e56'),
('558973f4389ac', ' Contains root-file system and drivers required to be preloaded during bootup', '558973f462e61'),
('558973f4389ac', 'None of the above', '558973f462e6b'),
('558973f4c46f2', 'Kernel', '558973f4d4abe'),
('558973f4c46f2', 'Shell', '558973f4d4acf'),
('558973f4c46f2', 'Commands', '558973f4d4ad9'),
('558973f4c46f2', 'Script', '558973f4d4ae3'),
('558973f51600d', 'Boot Loading', '558973f526f9d'),
('558973f51600d', ' Boot Record', '558973f526fb9'),
('558973f51600d', ' Boot Strapping', '558973f526fc5'),
('558973f51600d', ' Booting', '558973f526fce'),
('558973f55d269', ' Quick boot', '558973f57aef1'),
('558973f55d269', 'Cold boot', '558973f57af07'),
('558973f55d269', ' Hot boot', '558973f57af17'),
('558973f55d269', ' Fast boot', '558973f57af27'),
('558973f5abb1a', 'bash', '558973f5e7623'),
('558973f5abb1a', ' Csh', '558973f5e7636'),
('558973f5abb1a', ' ksh', '558973f5e7640'),
('558973f5abb1a', ' sh', '558973f5e764a'),
('5589751a63091', 'q', '5589751a81bd6'),
('5589751a63091', 'wq', '5589751a81be8'),
('5589751a63091', ' both (a) and (b)', '5589751a81bf4'),
('5589751a63091', ' none of the mentioned', '5589751a81bfd'),
('5589751ad32b8', ' moves screen down one page', '5589751adbdbd'),
('5589751ad32b8', 'moves screen up one page', '5589751adbdce'),
('5589751ad32b8', 'moves screen up one line', '5589751adbdd8'),
('5589751ad32b8', ' moves screen down one line', '5589751adbde2'),
('5589751b304ef', ' yy', '5589751b3b04d'),
('5589751b304ef', 'yw', '5589751b3b05e'),
('5589751b304ef', 'yc', '5589751b3b069'),
('5589751b304ef', ' none of the mentioned', '5589751b3b073'),
('5589751b749c9', 'X', '5589751b9a98c'),
('5589751b749c9', 'x', '5589751b9a9a5'),
('5589751b749c9', 'D', '5589751b9a9b7'),
('5589751b749c9', 'd', '5589751b9a9c9'),
('5589751bd02ec', 'autoindentation is not possible in vi editor', '5589751bdadaa');

-- --------------------------------------------------------

--
-- Table structure for table `questions`
--

CREATE TABLE `questions` (
  `eid` text NOT NULL,
  `qid` text NOT NULL,
  `qns` text NOT NULL,
  `choice` int(10) NOT NULL,
  `sn` int(11) NOT NULL
) ENGINE=InnoDB DEFAULT CHARSET=utf8 COLLATE=utf8_general_ci;

--
-- Dumping data for table `questions`
--

INSERT INTO `questions` (`eid`, `qid`, `qns`, `choice`, `sn`) VALUES
('558920ff906b8', '55892169bf6a7', 'what is command for changing user information??', 4, 1),
('558920ff906b8', '5589216a3646e', 'what is permission for view only for other??', 4, 2),
('558921841f1ec', '558922117fcef', 'what is command for print in php??', 4, 1),
('558921841f1ec', '55892211e44d5', 'which is a variable of php??', 4, 2),
('5589222f16b93', '558922894c453', 'what is correct statement in c++??', 4, 1),
('5589222f16b93', '558922899ccaa', 'which command is use for print the output in c++?', 4, 2),
('558922ec03021', '558923538f48d', 'what is correct mask for A class IP???', 4, 1),
('558922ec03021', '55892353f05c4', 'which is not a private IP??', 4, 2),
('55897338a6659', '558973f4389ac', 'On Linux, initrd is a file', 4, 1),
('55897338a6659', '558973f4c46f2', 'Which is loaded into memory when system is booted?', 4, 2),
('55897338a6659', '558973f51600d', ' The process of starting up a computer is known as', 4, 3),
('55897338a6659', '558973f55d269', ' Bootstrapping is also known as', 4, 4),
('55897338a6659', '558973f5abb1a', 'The shell used for Single user mode shell is:', 4, 5),
('5589741f9ed52', '5589751a63091', ' Which command is used to close the vi editor?', 4, 1),
('5589741f9ed52', '5589751ad32b8', ' In vi editor, the key combination CTRL+f', 4, 2),
('5589741f9ed52', '5589751b304ef', ' Which vi editor command copies the current line of the file?', 4, 3),
('5589741f9ed52', '5589751b749c9', ' Which command is used to delete the character before the cursor location in vi editor?', 4, 4),
('5589741f9ed52', '5589751bd02ec', ' Which one of the following statement is true?', 4, 5);

-- --------------------------------------------------------

--
-- Table structure for table `quiz`
--

CREATE TABLE `quiz` (
  `eid` text NOT NULL,
  `title` varchar(100) NOT NULL,
  `sahi` int(11) NOT NULL,
  `wrong` int(11) NOT NULL,
  `total` int(11) NOT NULL,
  `time` bigint(20) NOT NULL,
  `intro` text NOT NULL,
  `tag` varchar(100) NOT NULL,
  `date` timestamp NOT NULL DEFAULT current_timestamp() ON UPDATE current_timestamp()
) ENGINE=InnoDB DEFAULT CHARSET=utf8 COLLATE=utf8_general_ci;

--
-- Dumping data for table `quiz`
--

INSERT INTO `quiz` (`eid`, `title`, `sahi`, `wrong`, `total`, `time`, `intro`, `tag`, `date`) VALUES
('558920ff906b8', 'Linux : File Managment', 2, 1, 2, 5, '', 'linux', '2015-06-23 09:03:59'),
('558921841f1ec', 'Php Coding', 2, 1, 2, 5, '', 'PHP', '2015-06-23 09:06:12'),
('5589222f16b93', 'C++ Coding', 2, 1, 2, 5, '', 'c++', '2015-06-23 09:09:03'),
('558922ec03021', 'Networking', 2, 1, 2, 5, '', 'networking', '2015-06-23 09:12:12'),
('55897338a6659', 'Linux:startup', 2, 1, 5, 10, '', 'linux', '2015-06-23 14:54:48'),
('5589741f9ed52', 'Linux :vi Editor', 2, 1, 5, 10, '', 'linux', '2015-06-23 14:58:39');

-- --------------------------------------------------------

--
-- Table structure for table `rank`
--

CREATE TABLE `rank` (
  `email` varchar(50) NOT NULL,
  `score` int(11) NOT NULL,
  `time` timestamp NOT NULL DEFAULT current_timestamp() ON UPDATE current_timestamp()
) ENGINE=InnoDB DEFAULT CHARSET=utf8 COLLATE=utf8_general_ci;

-- --------------------------------------------------------

--
-- Table structure for table `sessions`
--

CREATE TABLE `sessions` (
  `session_id` int(11) NOT NULL,
  `session` varchar(30) NOT NULL,
  `created_date` timestamp NOT NULL DEFAULT current_timestamp() ON UPDATE current_timestamp()
) ENGINE=InnoDB DEFAULT CHARSET=latin1 COLLATE=latin1_swedish_ci;

--
-- Dumping data for table `sessions`
--

INSERT INTO `sessions` (`session_id`, `session`, `created_date`) VALUES
(1, 'S19', '2020-03-11 20:20:44');

-- --------------------------------------------------------

--
-- Table structure for table `student_attendance`
--

CREATE TABLE `student_attendance` (
  `attendance_id` int(11) NOT NULL,
  `course_code` varchar(10) NOT NULL,
  `subject_code` varchar(10) NOT NULL,
  `semester` int(11) NOT NULL,
  `student_id` varchar(20) NOT NULL,
  `attendance` int(11) NOT NULL,
  `attendance_date` varchar(11) NOT NULL
) ENGINE=InnoDB DEFAULT CHARSET=latin1 COLLATE=latin1_swedish_ci;

--
-- Dumping data for table `student_attendance`
--

INSERT INTO `student_attendance` (`attendance_id`, `course_code`, `subject_code`, `semester`, `student_id`, `attendance`, `attendance_date`) VALUES
(1, 'MCS', 'DBMS', 2, 'MCS-S19-1', 1, '15-03-20'),
(2, 'MCS', 'DBMS', 2, 'MCS-S19-1', 1, '15-03-20'),
(3, 'MCS', 'DBMS', 2, 'MCS-S19-1', 1, '15-03-20'),
(4, 'MCS', 'DBMS', 2, 'MCS-S19-1', 0, '15-03-20'),
(5, 'MCS', 'DLD', 2, 'MCS-S19-1', 1, '15-03-20'),
(6, 'MCS', 'OOP', 2, 'MCS-S19-1', 1, '15-03-20'),
(7, 'MCS', 'SE', 2, 'MCS-S19-1', 0, '15-03-20'),
(8, 'MCS', 'WEB', 2, 'MCS-S19-1', 1, '15-03-20');

-- --------------------------------------------------------

--
-- Table structure for table `student_courses`
--

CREATE TABLE `student_courses` (
  `student_course_id` int(11) NOT NULL,
  `course_code` varchar(10) NOT NULL,
  `semester` int(11) NOT NULL,
  `roll_no` varchar(10) NOT NULL,
  `subject_code` varchar(10) NOT NULL,
  `session` varchar(10) NOT NULL,
  `assign_date` varchar(10) NOT NULL
) ENGINE=InnoDB DEFAULT CHARSET=latin1 COLLATE=latin1_swedish_ci;

--
-- Dumping data for table `student_courses`
--

INSERT INTO `student_courses` (`student_course_id`, `course_code`, `semester`, `roll_no`, `subject_code`, `session`, `assign_date`) VALUES
(7, 'CE-01', 4, '1', 'CE-401', '', '25-02-24'),
(8, 'IT-02', 4, '2', 'IT-402', '', '25-02-24'),
(9, 'CE-01', 4, '7', 'CE-403', '', '25-02-24'),
(10, 'CE-01', 4, '7', 'CE-403', '', '25-02-24');

-- --------------------------------------------------------

--
-- Table structure for table `student_fee`
--

CREATE TABLE `student_fee` (
  `fee_voucher` int(11) NOT NULL,
  `roll_no` varchar(30) NOT NULL,
  `amount` int(11) NOT NULL,
  `posting_date` timestamp NOT NULL DEFAULT current_timestamp() ON UPDATE current_timestamp(),
  `status` varchar(10) NOT NULL
) ENGINE=InnoDB DEFAULT CHARSET=latin1 COLLATE=latin1_swedish_ci;

--
-- Dumping data for table `student_fee`
--

INSERT INTO `student_fee` (`fee_voucher`, `roll_no`, `amount`, `posting_date`, `status`) VALUES
(1, 'MCS-S19-1', 23455, '2020-03-29 11:24:36', 'Paid'),
(2, 'MCS-S19-1', 20093, '2020-03-30 12:35:39', 'Paid'),
(3, '1', 3000000, '2024-02-25 06:50:12', 'Paid');

-- --------------------------------------------------------

--
-- Table structure for table `student_info`
--

CREATE TABLE `student_info` (
  `roll_no` varchar(20) NOT NULL,
  `first_name` varchar(30) NOT NULL,
  `middle_name` varchar(30) NOT NULL,
  `last_name` varchar(30) NOT NULL,
  `father_name` varchar(30) NOT NULL,
  `email` varchar(30) NOT NULL,
  `mobile_no` varchar(11) NOT NULL,
  `course_code` varchar(11) NOT NULL,
  `session` varchar(10) NOT NULL,
  `profile_image` varchar(100) NOT NULL,
  `prospectus_issued` varchar(10) NOT NULL,
  `prospectus_amount` varchar(10) NOT NULL,
  `form_b` varchar(20) NOT NULL,
  `applicant_status` varchar(20) NOT NULL,
  `application_status` varchar(20) NOT NULL,
  `cnic` varchar(15) NOT NULL,
  `dob` varchar(10) NOT NULL,
  `other_phone` varchar(11) NOT NULL,
  `gender` varchar(10) NOT NULL,
  `permanent_address` varchar(150) NOT NULL,
  `current_address` varchar(150) NOT NULL,
  `place_of_birth` varchar(150) NOT NULL,
  `matric_complition_date` varchar(10) NOT NULL,
  `matric_awarded_date` varchar(10) NOT NULL,
  `matric_certificate` varchar(100) NOT NULL,
  `fa_complition_date` varchar(10) NOT NULL,
  `fa_awarded_date` varchar(10) NOT NULL,
  `fa_certificate` varchar(100) NOT NULL,
  `ba_complition_date` varchar(10) NOT NULL,
  `ba_awarded_date` varchar(10) NOT NULL,
  `ba_certificate` varchar(100) NOT NULL,
  `semester` int(11) NOT NULL,
  `total_marks` int(11) NOT NULL,
  `obtain_marks` int(11) NOT NULL,
  `state` varchar(20) NOT NULL,
  `admission_date` timestamp NOT NULL DEFAULT current_timestamp() ON UPDATE current_timestamp()
) ENGINE=InnoDB DEFAULT CHARSET=latin1 COLLATE=latin1_swedish_ci;

--
-- Dumping data for table `student_info`
--

INSERT INTO `student_info` (`roll_no`, `first_name`, `middle_name`, `last_name`, `father_name`, `email`, `mobile_no`, `course_code`, `session`, `profile_image`, `prospectus_issued`, `prospectus_amount`, `form_b`, `applicant_status`, `application_status`, `cnic`, `dob`, `other_phone`, `gender`, `permanent_address`, `current_address`, `place_of_birth`, `matric_complition_date`, `matric_awarded_date`, `matric_certificate`, `fa_complition_date`, `fa_awarded_date`, `fa_certificate`, `ba_complition_date`, `ba_awarded_date`, `ba_certificate`, `semester`, `total_marks`, `obtain_marks`, `state`, `admission_date`) VALUES
('1', 'Jayesh', 'Jivan', 'Saparia', 'jivan', 'jayesh@gmail.com', '1234567890', 'CE-01', 'S19', 'sunil.jpg', '', '', '', 'Admitted', 'Approved', '', '2000-01-08', '', 'Male', 'Ahmedabad', 'Nadiad', 'Ahmedabad', '', '', '', '', '', '', '', '', '', 0, 0, 0, '', '2024-02-25 06:36:43'),
('10', 'xyz', 'pqr', 'shah', 'Jagdish', 'new@gmail.com', '8780230307', 'CE-01', 'S19', '', '', '', '', 'Admitted', 'Approved', '', '2004-11-06', '', 'Male', 'Jamnagar', 'Nadiad', 'ahmedabad', '2023-12-08', '2024-12-09', '', '', '', '', '', '', '', 0, 0, 0, '', '2024-02-25 09:15:10'),
('2', 'Sahil', 'ajey', 'shah', 'ajey', 'sahil@gmail.com', '1234567890', 'IT-02', 'S19', 'sunil.jpg', '', '', '', 'Admitted', 'Approved', '', '2005-06-07', '', 'Male', 'Jamnagar', 'Nadiad', 'jamnagar', '2023-10-25', '2023-11-25', '', '', '', '', '', '', '', 0, 0, 0, '', '2024-02-25 06:41:06'),
('3', 'Samarth', '', 'Solanki', 'Jagdish', 'samarth@gmail.com', '9824000923', 'IT-02', 'S19', 'sunil.jpg', '', '', '', 'Admitted', 'Approved', '', '2024-02-25', '', 'Male', 'Vadodra', 'nadiad', 'ahmedabad', '2003-12-01', '2024-02-14', 'sunil.jpg', '', '', '', '', '', '', 0, 0, 0, '', '2024-02-25 07:04:09'),
('7', 'Parthraj', 'Ranvirsinh', 'Rahevar', 'Ranvirsinh', 'parth@gmail.com', '9854983984', 'CE-01', 'S19', 'sunil.jpg', '', '', '', 'Admitted', 'Approved', '', '2003-06-26', '', 'Male', 'Ahmeda', 'Nadiad', 'ahmedabad', '2024-02-06', '2024-02-07', '', '', '', '', '', '', '', 0, 0, 0, '', '2024-02-25 06:55:22');

--
-- Triggers `student_info`
--
DELIMITER $$
CREATE TRIGGER `afterinsert` AFTER INSERT ON `student_info` FOR EACH ROW INSERT IGNORE INTO history (email)
  VALUES (NEW.email)
$$
DELIMITER ;

-- --------------------------------------------------------

--
-- Table structure for table `teacher_attendance`
--

CREATE TABLE `teacher_attendance` (
  `attendance_id` int(11) NOT NULL,
  `teacher_id` varchar(30) NOT NULL,
  `attendance` int(11) NOT NULL,
  `attendance_date` varchar(11) NOT NULL
) ENGINE=InnoDB DEFAULT CHARSET=latin1 COLLATE=latin1_swedish_ci;

--
-- Dumping data for table `teacher_attendance`
--

INSERT INTO `teacher_attendance` (`attendance_id`, `teacher_id`, `attendance`, `attendance_date`) VALUES
(1, '3', 1, '09-03-20'),
(2, '3', 1, '10-03-20'),
(3, '3', 1, '11-04-20'),
(4, '3', 1, '30-03-20'),
(5, '2', 0, '30-03-20');

-- --------------------------------------------------------

--
-- Table structure for table `teacher_courses`
--

CREATE TABLE `teacher_courses` (
  `teacher_courses_id` int(11) NOT NULL,
  `course_code` varchar(10) NOT NULL,
  `semester` int(11) NOT NULL,
  `teacher_id` varchar(10) NOT NULL,
  `subject_code` varchar(10) NOT NULL,
  `assign_date` varchar(10) NOT NULL,
  `total_classes` int(11) NOT NULL
) ENGINE=InnoDB DEFAULT CHARSET=latin1 COLLATE=latin1_swedish_ci;

--
-- Dumping data for table `teacher_courses`
--

INSERT INTO `teacher_courses` (`teacher_courses_id`, `course_code`, `semester`, `teacher_id`, `subject_code`, `assign_date`, `total_classes`) VALUES
(1, 'MCS', 2, '3', 'OOP', '27-03-20', 30),
(2, 'MCS', 2, '1', 'DBMS', '27-03-20', 30),
(3, 'MCS', 2, '3', 'DLD', '27-03-20', 30),
(4, 'MCS', 2, '1', 'SE', '27-03-20', 30),
(5, 'MCS', 2, '3', 'WEB', '27-03-20', 30);

-- --------------------------------------------------------

--
-- Table structure for table `teacher_info`
--

CREATE TABLE `teacher_info` (
  `teacher_id` int(11) NOT NULL,
  `first_name` varchar(30) NOT NULL,
  `middle_name` varchar(30) NOT NULL,
  `last_name` varchar(30) NOT NULL,
  `father_name` varchar(50) NOT NULL,
  `email` varchar(30) NOT NULL,
  `phone_no` varchar(11) NOT NULL,
  `profile_image` blob NOT NULL,
  `teacher_status` varchar(10) NOT NULL,
  `application_status` varchar(10) NOT NULL,
  `cnic` varchar(15) NOT NULL,
  `dob` varchar(15) NOT NULL,
  `other_phone` int(11) NOT NULL,
  `gender` varchar(10) NOT NULL,
  `permanent_address` varchar(100) NOT NULL,
  `current_address` varchar(100) NOT NULL,
  `place_of_birth` varchar(50) NOT NULL,
  `matric_complition_date` varchar(10) NOT NULL,
  `matric_awarded_date` varchar(10) NOT NULL,
  `matric_certificate` varchar(100) NOT NULL,
  `fa_complition_date` varchar(10) NOT NULL,
  `fa_awarded_date` varchar(10) NOT NULL,
  `fa_certificate` varchar(100) NOT NULL,
  `ba_complition_date` varchar(10) NOT NULL,
  `ba_awarded_date` varchar(10) NOT NULL,
  `ba_certificate` varchar(100) NOT NULL,
  `ma_complition_date` varchar(10) NOT NULL,
  `ma_awarded_date` varchar(100) NOT NULL,
  `ma_certificate` varchar(101) NOT NULL,
  `last_qualification` varchar(20) NOT NULL,
  `state` varchar(20) NOT NULL,
  `hire_date` varchar(10) NOT NULL
) ENGINE=InnoDB DEFAULT CHARSET=latin1 COLLATE=latin1_swedish_ci;

--
-- Dumping data for table `teacher_info`
--

INSERT INTO `teacher_info` (`teacher_id`, `first_name`, `middle_name`, `last_name`, `father_name`, `email`, `phone_no`, `profile_image`, `teacher_status`, `application_status`, `cnic`, `dob`, `other_phone`, `gender`, `permanent_address`, `current_address`, `place_of_birth`, `matric_complition_date`, `matric_awarded_date`, `matric_certificate`, `fa_complition_date`, `fa_awarded_date`, `fa_certificate`, `ba_complition_date`, `ba_awarded_date`, `ba_certificate`, `ma_complition_date`, `ma_awarded_date`, `ma_certificate`, `last_qualification`, `state`, `hire_date`) VALUES
(3, 'sameer ', 'sahil', 'mehta', '', 'sameer@gmail.com', '1478523690', 0x73756e696c2e6a7067, 'Contract', 'Yes', '801382904558', '1990-01-08', 1238796540, 'Male', 'Vadodra', 'Nadiad', 'Vadodra', '', '', '', '', '', '', '', '', '', '', '', '', '', '', '25-02-24'),
(4, 'sara', 'sailesh', 'shah', '', 'sara@gmail.com', '1234567890', 0x706e6777696e672e636f6d2e706e67, 'Permanent', 'Yes', '801382904554', '1998-03-02', 1478523690, 'Female', 'Ahmedabad', 'Nadiad', 'Ahmedabad', '', '', '', '', '', '', '2010-02-01', '2011-04-05', '', '', '', '', '', '', '25-02-24');

-- --------------------------------------------------------

--
-- Table structure for table `teacher_salary_allowances`
--

CREATE TABLE `teacher_salary_allowances` (
  `teacher_id` int(11) NOT NULL,
  `basic_salary` int(11) NOT NULL,
  `medical_allowance` int(11) NOT NULL,
  `hr_allowance` int(11) NOT NULL,
  `scale` int(11) NOT NULL
) ENGINE=InnoDB DEFAULT CHARSET=latin1 COLLATE=latin1_swedish_ci;

--
-- Dumping data for table `teacher_salary_allowances`
--

INSERT INTO `teacher_salary_allowances` (`teacher_id`, `basic_salary`, `medical_allowance`, `hr_allowance`, `scale`) VALUES
(1, 40000, 5, 10, 15),
(2, 55000, 7, 15, 18),
(3, 43000, 5, 8, 14);

-- --------------------------------------------------------

--
-- Table structure for table `teacher_salary_report`
--

CREATE TABLE `teacher_salary_report` (
  `salary_id` int(11) NOT NULL,
  `teacher_id` int(11) NOT NULL,
  `total_amount` int(11) NOT NULL,
  `status` varchar(11) NOT NULL,
  `paid_date` timestamp NOT NULL DEFAULT current_timestamp() ON UPDATE current_timestamp()
) ENGINE=InnoDB DEFAULT CHARSET=latin1 COLLATE=latin1_swedish_ci;

--
-- Dumping data for table `teacher_salary_report`
--

INSERT INTO `teacher_salary_report` (`salary_id`, `teacher_id`, `total_amount`, `status`, `paid_date`) VALUES
(1, 1, 46000, 'Paid', '2020-03-27 11:28:57'),
(2, 2, 67100, 'Paid', '2020-03-27 11:50:13'),
(3, 3, 48590, 'Paid', '2020-03-27 11:55:58'),
(4, 1, 46000, 'Paid', '2020-03-27 12:33:39'),
(5, 3, 48590, 'Paid', '2020-03-28 08:26:59'),
(6, 2, 67100, 'Paid', '2020-03-28 08:30:46'),
(7, 2, 67100, 'Paid', '2020-03-28 08:32:06'),
(8, 2, 67100, 'Paid', '2020-03-28 08:32:46'),
(9, 2, 67100, 'Paid', '2020-03-28 08:33:59'),
(10, 2, 67100, 'Paid', '2020-03-28 08:35:54'),
(11, 2, 67100, 'Paid', '2020-03-28 08:38:17'),
(12, 2, 67100, 'Paid', '2020-03-28 08:39:22'),
(13, 2, 67100, 'Paid', '2020-03-28 08:40:44'),
(14, 2, 67100, 'Paid', '2020-03-28 08:41:26'),
(15, 2, 67100, 'Paid', '2020-03-28 08:42:25'),
(16, 2, 67100, 'Paid', '2020-03-28 08:43:32'),
(17, 2, 67100, 'Paid', '2020-03-28 08:44:03'),
(18, 2, 67100, 'Paid', '2020-03-28 08:44:39'),
(19, 2, 67100, 'Paid', '2020-03-28 08:45:09'),
(20, 2, 67100, 'Paid', '2020-03-28 08:45:22'),
(21, 2, 67100, 'Paid', '2020-03-28 08:45:36'),
(22, 2, 67100, 'Paid', '2020-03-28 08:45:45'),
(23, 2, 67100, 'Paid', '2020-03-28 08:45:59'),
(24, 2, 67100, 'Paid', '2020-03-28 08:47:42'),
(25, 2, 67100, 'Paid', '2020-03-28 08:48:11'),
(26, 3, 48590, 'Paid', '2020-03-28 08:48:22'),
(27, 3, 48590, 'Paid', '2020-03-28 08:48:40'),
(28, 3, 48590, 'Paid', '2020-03-28 10:48:28'),
(29, 3, 48590, 'Paid', '2020-03-28 10:49:47'),
(30, 3, 48590, 'Paid', '2020-03-30 12:37:11');

-- --------------------------------------------------------

--
-- Table structure for table `time_table`
--

CREATE TABLE `time_table` (
  `id` int(11) NOT NULL,
  `course_code` varchar(10) NOT NULL,
  `semester` int(11) NOT NULL,
  `timing_from` varchar(10) NOT NULL,
  `timing_to` varchar(10) NOT NULL,
  `day` varchar(20) NOT NULL,
  `subject_code` varchar(20) NOT NULL,
  `room_no` int(11) NOT NULL
) ENGINE=InnoDB DEFAULT CHARSET=latin1 COLLATE=latin1_swedish_ci;

--
-- Dumping data for table `time_table`
--

INSERT INTO `time_table` (`id`, `course_code`, `semester`, `timing_from`, `timing_to`, `day`, `subject_code`, `room_no`) VALUES
(3, 'CE-01', 4, '10:00', '11:00', '4', 'CE-401', 2),
(4, 'CE-01', 4, '11:00', '12:00', '4', 'CE-402', 2),
(5, 'CE-01', 4, '12:00', '1:00', '4', 'CE-403', 2),
(6, 'IT-02', 4, '12:00', '1:00', '4', 'IT-401', 2),
(7, 'IT-02', 4, '1:00', '2:00', '4', 'IT-402', 2);

-- --------------------------------------------------------

--
-- Table structure for table `weekdays`
--

CREATE TABLE `weekdays` (
  `day_id` int(11) NOT NULL,
  `day_name` varchar(15) NOT NULL
) ENGINE=InnoDB DEFAULT CHARSET=latin1 COLLATE=latin1_swedish_ci;

--
-- Dumping data for table `weekdays`
--

INSERT INTO `weekdays` (`day_id`, `day_name`) VALUES
(1, 'Monday'),
(2, 'Tuesday'),
(3, 'Wednesday'),
(4, 'Thursday'),
(5, 'Friday'),
(6, 'Saturday'),
(7, 'Sunday');

--
-- Indexes for dumped tables
--

--
-- Indexes for table `class_result`
--
ALTER TABLE `class_result`
  ADD PRIMARY KEY (`class_result_id`);

--
-- Indexes for table `courses`
--
ALTER TABLE `courses`
  ADD PRIMARY KEY (`course_code`);

--
-- Indexes for table `course_subjects`
--
ALTER TABLE `course_subjects`
  ADD PRIMARY KEY (`subject_code`);

--
-- Indexes for table `login`
--
ALTER TABLE `login`
  ADD PRIMARY KEY (`ID`);

--
-- Indexes for table `mytable`
--
ALTER TABLE `mytable`
  ADD PRIMARY KEY (`id`);

--
-- Indexes for table `sessions`
--
ALTER TABLE `sessions`
  ADD PRIMARY KEY (`session_id`);

--
-- Indexes for table `student_attendance`
--
ALTER TABLE `student_attendance`
  ADD PRIMARY KEY (`attendance_id`);

--
-- Indexes for table `student_courses`
--
ALTER TABLE `student_courses`
  ADD PRIMARY KEY (`student_course_id`),
  ADD KEY `course_code` (`course_code`);

--
-- Indexes for table `student_fee`
--
ALTER TABLE `student_fee`
  ADD PRIMARY KEY (`fee_voucher`),
  ADD KEY `roll_no` (`roll_no`);

--
-- Indexes for table `student_info`
--
ALTER TABLE `student_info`
  ADD PRIMARY KEY (`roll_no`);

--
-- Indexes for table `teacher_attendance`
--
ALTER TABLE `teacher_attendance`
  ADD PRIMARY KEY (`attendance_id`);

--
-- Indexes for table `teacher_courses`
--
ALTER TABLE `teacher_courses`
  ADD PRIMARY KEY (`teacher_courses_id`);

--
-- Indexes for table `teacher_info`
--
ALTER TABLE `teacher_info`
  ADD PRIMARY KEY (`teacher_id`);

--
-- Indexes for table `teacher_salary_allowances`
--
ALTER TABLE `teacher_salary_allowances`
  ADD PRIMARY KEY (`teacher_id`);

--
-- Indexes for table `teacher_salary_report`
--
ALTER TABLE `teacher_salary_report`
  ADD PRIMARY KEY (`salary_id`),
  ADD KEY `teacher_id` (`teacher_id`);

--
-- Indexes for table `time_table`
--
ALTER TABLE `time_table`
  ADD PRIMARY KEY (`id`);

--
-- Indexes for table `weekdays`
--
ALTER TABLE `weekdays`
  ADD PRIMARY KEY (`day_id`);

--
-- AUTO_INCREMENT for dumped tables
--

--
-- AUTO_INCREMENT for table `class_result`
--
ALTER TABLE `class_result`
  MODIFY `class_result_id` int(11) NOT NULL AUTO_INCREMENT, AUTO_INCREMENT=56;

--
-- AUTO_INCREMENT for table `login`
--
ALTER TABLE `login`
  MODIFY `ID` int(11) NOT NULL AUTO_INCREMENT, AUTO_INCREMENT=14;

--
-- AUTO_INCREMENT for table `sessions`
--
ALTER TABLE `sessions`
  MODIFY `session_id` int(11) NOT NULL AUTO_INCREMENT, AUTO_INCREMENT=2;

--
-- AUTO_INCREMENT for table `student_attendance`
--
ALTER TABLE `student_attendance`
  MODIFY `attendance_id` int(11) NOT NULL AUTO_INCREMENT, AUTO_INCREMENT=9;

--
-- AUTO_INCREMENT for table `student_courses`
--
ALTER TABLE `student_courses`
  MODIFY `student_course_id` int(11) NOT NULL AUTO_INCREMENT, AUTO_INCREMENT=11;

--
-- AUTO_INCREMENT for table `student_fee`
--
ALTER TABLE `student_fee`
  MODIFY `fee_voucher` int(11) NOT NULL AUTO_INCREMENT, AUTO_INCREMENT=4;

--
-- AUTO_INCREMENT for table `teacher_attendance`
--
ALTER TABLE `teacher_attendance`
  MODIFY `attendance_id` int(11) NOT NULL AUTO_INCREMENT, AUTO_INCREMENT=6;

--
-- AUTO_INCREMENT for table `teacher_courses`
--
ALTER TABLE `teacher_courses`
  MODIFY `teacher_courses_id` int(11) NOT NULL AUTO_INCREMENT, AUTO_INCREMENT=6;

--
-- AUTO_INCREMENT for table `teacher_info`
--
ALTER TABLE `teacher_info`
  MODIFY `teacher_id` int(11) NOT NULL AUTO_INCREMENT, AUTO_INCREMENT=6;

--
-- AUTO_INCREMENT for table `teacher_salary_report`
--
ALTER TABLE `teacher_salary_report`
  MODIFY `salary_id` int(11) NOT NULL AUTO_INCREMENT, AUTO_INCREMENT=31;

--
-- AUTO_INCREMENT for table `time_table`
--
ALTER TABLE `time_table`
  MODIFY `id` int(11) NOT NULL AUTO_INCREMENT, AUTO_INCREMENT=8;

--
-- AUTO_INCREMENT for table `weekdays`
--
ALTER TABLE `weekdays`
  MODIFY `day_id` int(11) NOT NULL AUTO_INCREMENT, AUTO_INCREMENT=8;

--
-- Constraints for dumped tables
--

--
-- Constraints for table `teacher_salary_report`
--
ALTER TABLE `teacher_salary_report`
  ADD CONSTRAINT `teacher_salary_report_ibfk_1` FOREIGN KEY (`teacher_id`) REFERENCES `teacher_salary_allowances` (`teacher_id`);
COMMIT;

/*!40101 SET CHARACTER_SET_CLIENT=@OLD_CHARACTER_SET_CLIENT */;
/*!40101 SET CHARACTER_SET_RESULTS=@OLD_CHARACTER_SET_RESULTS */;
/*!40101 SET COLLATION_CONNECTION=@OLD_COLLATION_CONNECTION */;
